word,count
0,91367
50k,48842
united,43832
states,43832
white,41762
married,39161
private,33906
male,32650
40,23990
spouse,23044
civ,22379
husband,19716
not,16445
female,16192
never,16127
9,15811
hs,15784
grad,15784
in,12583
family,12583
10,11303
some,10878
college,10878
13,8053
bachelors,8025
own,7581
child,7581
prof,7006
other,6835
divorced,6633
gov,6549
specialty,6172
repair,6112
craft,6112
managerial,6086
exec,6086
adm,5611
clerical,5611
self,5557
emp,5557
inc,5557
sales,5504
unmarried,5125
50,5112
service,4923
black,4685
45,3813
assoc,3662
35,3274
local,3136
op,3022
machine,3022
inspct,3022
30,2978
20,2975
14,2712
masters,2657
60,2626
transport,2355
moving,2355
wife,2331
25,2153
11,2081
handlers,2072
cleaners,2072
voc,2061
state,1981
38,1978
7,1857
12,1848
11th,1812
36,1684
32,1676
55,1672
48,1615
acdm,1601
24,1560
separated,1530
37,1522
pac,1519
asian,1519
islander,1519
widowed,1518
relative,1506
42,1503
farming,1490
fishing,1490
6,1481
15,1457
support,1446
tech,1446
federal,1432
28,1420
33,1396
10th,1389
44,1377
23,1369
34,1351
31,1337
43,1331
41,1294
27,1275
39,1269
22,1240
29,1238
46,1226
serv,1225
26,1193
47,1163
21,1142
19,1072
4,1039
18,991
protective,983
8th,955
7th,955
mexico,951
52,943
51,897
16,897
49,886
8,875
5,851
school,834
9th,756
53,750
56,705
54,675
12th,657
65,639
17,637
absent,628
doctorate,594
58,593
70,570
57,570
3,568
59,530
15024,513
6th,509
5th,509
amer,470
eskimo,470
indian,470
61,454
62,417
7688,410
7298,364
64,362
63,350
1902,304
2,300
philippines,295
66,260
1977,253
80,248
1st,247
4th,247
67,244
99999,244
priv,242
house,242
1887,233
72,227
germany,206
68,194
puerto,184
rico,184
canada,182
75,177
el,155
salvador,155
3103,152
india,151
69,150
5178,146
cuba,138
99,137
england,127
china,122
71,118
5013,117
south,115
73,112
1,110
4386,108
jamaica,106
italy,105
republic,103
dominican,103
90,97
japan,92
guatemala,88
poland,87
vietnam,86
columbia,85
84,85
2174,84
preschool,83
8614,82
3325,81
74,80
1848,76
haiti,75
76,73
2415,72
1485,71
portugal,67
taiwan,65
10520,64
4650,63
77,63
1602,62
1590,62
iran,59
1876,59
1740,58
27828,58
4064,54
594,52
3137,51
1672,50
greece,49
nicaragua,49
20051,49
14084,49
78,47
peru,46
ecuador,45
1741,44
1564,43
2829,42
13550,42
6849,42
3908,42
81,40
2258,39
france,38
1719,38
af,37
ireland,37
1055,37
1980,36
1669,35
1408,35
4787,35
2001,35
14344,34
3411,34
2002,33
3464,33
2597,31
2176,31
79,31
9386,31
thailand,30
1579,30
hong,30
2885,30
2051,29
4101,29
1721,28
1974,28
2202,28
cambodia,28
2339,27
tobago,27
trinadad,27
1504,26
2407,25
2377,25
4865,25
4416,24
1506,24
1628,24
us,23
outlying,23
guam,23
usvi,23
yugoslavia,23
4508,23
etc,23
laos,23
85,22
3674,22
2354,21
without,21
203488,21
scotland,21
pay,21
2580,20
2444,20
2179,20
1762,20
honduras,20
2205,19
10605,19
190290,19
hungary,19
120277,19
126569,18
5455,18
125892,18
3942,18
2907,18
625,17
113364,17
126675,17
99185,17
2559,17
3781,16
111567,16
6418,16
82,16
186934,16
2057,16
127651,15
6497,15
2463,15
117963,15
2105,15
7430,15
armed,15
120131,15
forces,15
123011,15
2964,14
108140,14
136986,14
123983,14
121124,14
98,14
164190,14
193882,14
111483,14
2635,14
2824,14
132879,14
25236,14
188246,14
194630,14
148995,14
112115,13
177675,13
216129,13
104196,13
174789,13
144949,13
117789,13
97723,13
125461,13
144778,13
96062,13
241998,13
155489,13
214542,13
1151,13
156464,13
150057,12
123429,12
167482,12
99146,12
176185,12
125933,12
112497,12
102308,12
1573,12
2042,12
218490,12
155659,12
173858,11
2392,11
188069,11
213140,11
145441,11
106900,11
1651,11
118551,11
246891,11
2977,11
1340,11
212894,11
198841,11
116358,11
79586,11
129573,11
1092,11
140001,11
181091,11
221172,11
3818,11
3471,11
1617,11
119793,11
2653,11
109133,11
116632,11
150533,11
107302,11
161141,11
162312,11
154374,11
114691,11
107231,11
143062,11
175958,11
206609,11
145964,11
83,11
108435,11
82393,11
72887,11
worked,10
210945,10
101345,10
4934,10
168071,10
104501,10
48520,10
22245,10
174533,10
15020,10
202872,10
169104,10
117381,10
6514,10
139268,10
61885,10
111128,10
110622,10
163870,10
112847,10
124963,10
160120,10
320451,10
194901,10
172538,10
2290,10
914,10
103323,10
131230,10
226443,10
200471,10
145409,10
143582,10
117310,10
207685,10
163665,10
205100,10
88,10
199058,10
72338,10
175262,10
211968,10
329980,10
154410,10
193026,10
1797,10
113838,10
175232,10
135339,10
126613,10
149102,10
160261,10
2414,10
340917,10
1380,10
1409,10
210736,10
341672,9
172571,9
189759,9
40666,9
165815,9
103925,9
186824,9
207668,9
33975,9
152307,9
142712,9
123681,9
183523,9
96,9
149337,9
226296,9
182117,9
176683,9
134890,9
117210,9
101593,9
133963,9
230684,9
238917,9
1668,9
113324,9
102359,9
107882,9
237943,9
140854,9
108293,9
1831,9
117849,9
172232,9
184655,9
70240,9
185041,9
1471,9
102476,9
115932,9
117767,9
202027,9
208946,9
1594,9
191342,9
132601,9
111499,9
130620,9
56651,9
154641,9
1726,9
190027,9
227065,9
160369,9
173938,9
154950,9
132686,9
138852,9
193720,9
122493,9
32732,9
134737,9
179481,9
54260,8
78529,8
185057,8
159187,8
98776,8
188798,8
174201,8
189203,8
120238,8
174102,8
61343,8
202560,8
128378,8
37778,8
217460,8
185407,8
118941,8
154210,8
134768,8
194636,8
224566,8
109015,8
117606,8
96483,8
153132,8
223212,8
98361,8
151089,8
102771,8
140644,8
152810,8
154120,8
124692,8
100345,8
153078,8
190525,8
194096,8
176711,8
124111,8
100734,8
157332,8
201127,8
162572,8
114158,8
164488,8
163003,8
149347,8
185385,8
334291,8
149640,8
119156,8
94235,8
175856,8
53956,8
247328,8
2246,8
29702,8
104509,8
117779,8
2346,8
206951,8
200153,8
3887,8
147206,8
32950,8
86143,8
25124,8
114,8
198660,8
168262,8
174714,8
99199,8
277488,8
101709,8
143046,8
210781,8
216414,8
204235,8
15831,8
222450,8
144064,8
159755,8
147258,8
130126,8
257250,8
151584,8
135056,8
197286,8
167159,8
207301,8
1086,8
10566,8
219155,8
143604,8
3418,8
119411,8
34378,8
170174,8
138768,8
236391,8
255004,8
103277,8
174575,8
208358,8
157747,8
236861,8
93225,7
235646,7
2129,7
139012,7
239539,7
196385,7
234108,7
124971,7
200316,7
35633,7
168539,7
170230,7
188436,7
105936,7
136331,7
2329,7
139391,7
72896,7
161092,7
168906,7
287988,7
38948,7
64292,7
171924,7
193047,7
197886,7
2231,7
139364,7
198452,7
5721,7
32528,7
170800,7
175942,7
38455,7
174395,7
190228,7
80680,7
119422,7
107801,7
180052,7
201495,7
154571,7
2603,7
98350,7
101562,7
73514,7
179579,7
126754,7
137421,7
301614,7
260782,7
187046,7
160786,7
193494,7
68898,7
159442,7
203761,7
216867,7
162282,7
168191,7
216116,7
445382,7
112763,7
125010,7
190759,7
43712,7
105803,7
181705,7
155818,7
114758,7
184659,7
147653,7
3273,7
236543,7
132053,7
175339,7
125000,7
112137,7
191389,7
184105,7
229148,7
239755,7
167350,7
170070,7
152109,7
174215,7
155781,7
33117,7
203776,7
349148,7
259323,7
184378,7
246439,7
178983,7
77146,7
347491,7
121012,7
214242,7
139770,7
187847,7
182714,7
128016,7
202450,7
7443,7
226902,7
96480,7
177287,7
252752,7
195124,7
145574,7
148549,7
193285,7
100135,7
109912,7
41356,7
204226,7
196707,7
210474,7
37932,7
168232,7
91189,7
53833,7
146659,7
134367,7
193815,7
57233,7
127610,7
214635,7
134886,7
181820,7
172962,7
124137,7
381153,7
34572,7
147989,7
174461,7
190916,7
233511,7
191277,7
243190,7
155106,7
117674,7
153486,7
248990,7
186256,7
187560,7
160594,7
96219,7
176178,7
198316,7
141584,7
155664,7
83411,7
121718,7
175935,6
245090,6
106014,6
253814,6
186035,6
195891,6
197189,6
215419,6
191196,6
190333,6
192251,6
177905,6
120781,6
142719,6
106347,6
102729,6
251854,6
103064,6
361888,6
278391,6
149943,6
228649,6
198813,6
115677,6
991,6
187802,6
152652,6
54611,6
880,6
116608,6
103948,6
50178,6
236696,6
80058,6
227890,6
193130,6
152951,6
182342,6
168981,6
241895,6
82622,6
265097,6
122353,6
214858,6
190650,6
143266,6
180599,6
151580,6
165695,6
199915,6
85995,6
130856,6
234663,6
34218,6
55395,6
159589,6
187830,6
281030,6
174308,6
185556,6
207578,6
124483,6
213722,6
33331,6
150025,6
177937,6
348960,6
69333,6
154227,6
133937,6
236804,6
193524,6
279129,6
81534,6
59469,6
241306,6
2206,6
5556,6
200089,6
344624,6
192939,6
127772,6
165001,6
361497,6
112271,6
244172,6
179423,6
126701,6
124827,6
235271,6
169324,6
225456,6
171615,6
110457,6
195488,6
356934,6
349910,6
156926,6
189123,6
182771,6
272944,6
136077,6
87205,6
190895,6
48087,6
164526,6
139703,6
144351,6
347166,6
166549,6
179488,6
227594,6
192779,6
145290,6
24008,6
278736,6
221955,6
143766,6
232475,6
347653,6
108574,6
31740,6
132222,6
99131,6
353824,6
209955,6
65624,6
205152,6
316820,6
69251,6
34095,6
189346,6
162187,6
195897,6
263561,6
97176,6
260560,6
126060,6
138441,6
176839,6
152328,6
52262,6
103435,6
143822,6
143123,6
245317,6
3456,6
187581,6
89041,6
156877,6
147638,6
103651,6
278322,6
107682,6
162442,6
241885,6
78374,6
287681,6
160731,6
150309,6
255252,6
248094,6
176756,6
189382,6
60668,6
80933,6
109001,6
33126,6
149218,6
123075,6
183765,6
214781,6
29810,6
365739,6
100669,6
233130,6
410034,6
151835,6
173730,6
180060,6
410351,6
102058,6
110171,6
184456,6
48343,6
222011,6
198613,6
182211,6
328216,6
60726,6
84119,6
234901,6
110998,6
202683,6
197583,6
86551,6
231826,6
122272,6
278130,6
115023,6
83141,6
124242,6
133969,6
183279,6
243631,6
146325,6
187167,6
159732,6
201699,6
77884,6
137815,6
236769,6
213226,6
160724,6
172822,6
197387,6
189680,6
122206,6
223881,6
150324,6
182177,6
198183,6
177907,6
40955,6
176716,6
153976,6
211032,6
187203,6
34616,6
192835,6
195994,6
213307,6
194995,6
157473,6
167725,6
154785,6
73199,6
81145,6
272950,6
161708,6
225193,6
187702,6
206051,6
169583,6
181372,6
1258,6
190350,6
312667,6
223019,6
175943,6
229732,6
33487,6
37869,6
305597,6
143385,6
190968,6
188386,6
76860,6
175925,6
269323,6
233571,6
394927,6
187322,6
180339,6
105582,6
160035,6
169182,6
195532,6
191814,6
89508,6
194740,6
28572,6
298871,6
133373,6
176992,6
86643,6
186191,6
19302,6
160647,6
230329,6
235124,6
60331,6
180985,6
137367,6
6767,6
409189,6
152744,6
245372,6
222596,6
250038,6
182926,6
97883,6
162551,6
27408,6
182460,6
218215,6
141807,6
355856,6
39581,5
297449,5
24504,5
167336,5
208881,5
186172,5
40024,5
72257,5
231043,5
111363,5
196373,5
178615,5
29887,5
34446,5
169699,5
114580,5
182062,5
98360,5
199067,5
198282,5
268022,5
375313,5
22494,5
123727,5
30840,5
174995,5
46401,5
198096,5
126822,5
197332,5
49115,5
209900,5
323,5
168211,5
64520,5
206889,5
265266,5
34037,5
40915,5
138342,5
238384,5
101320,5
49020,5
2149,5
227615,5
107584,5
218542,5
117618,5
159908,5
156266,5
103642,5
221532,5
185177,5
183096,5
38819,5
175070,5
203182,5
95680,5
39986,5
39477,5
167737,5
34180,5
158688,5
409230,5
96844,5
170108,5
42900,5
114967,5
162945,5
145714,5
196344,5
45796,5
137192,5
150999,5
32627,5
218184,5
338320,5
55465,5
223515,5
130057,5
195835,5
131310,5
115066,5
193895,5
206600,5
83444,5
151322,5
202729,5
187563,5
176101,5
269733,5
341204,5
135162,5
209547,5
24763,5
240504,5
114357,5
116666,5
173495,5
122048,5
105252,5
370119,5
130760,5
194360,5
421837,5
197997,5
328466,5
179668,5
228873,5
185647,5
200967,5
2036,5
268234,5
201723,5
155343,5
2547,5
122749,5
102828,5
183800,5
167990,5
174242,5
115880,5
147099,5
20308,5
203482,5
33001,5
223267,5
164898,5
182074,5
191385,5
189265,5
481987,5
131568,5
329144,5
104996,5
356689,5
162302,5
255454,5
149210,5
227332,5
176321,5
401,5
185325,5
194259,5
184682,5
192894,5
33016,5
109282,5
372525,5
219546,5
76487,5
200318,5
205940,5
368561,5
399088,5
108945,5
32616,5
207568,5
271933,5
247025,5
113129,5
423222,5
146908,5
341762,5
175674,5
70282,5
115439,5
157131,5
161478,5
189462,5
29261,5
212120,5
88564,5
188950,5
177487,5
203828,5
180477,5
115438,5
249043,5
228320,5
49325,5
223811,5
191137,5
295127,5
133515,5
215395,5
9562,5
128354,5
184018,5
192323,5
38876,5
123291,5
311376,5
202950,5
204447,5
224640,5
82488,5
204052,5
73928,5
312055,5
219835,5
37933,5
220115,5
186272,5
200734,5
227943,5
115562,5
209768,5
217961,5
169180,5
180096,5
185846,5
226696,5
2538,5
89,5
188274,5
35723,5
188694,5
216999,5
189843,5
162688,5
241431,5
133861,5
248476,5
224541,5
253190,5
194141,5
59380,5
193459,5
208277,5
339482,5
31267,5
216473,5
137363,5
189565,5
114937,5
151382,5
177727,5
251905,5
81132,5
193586,5
170721,5
203070,5
189933,5
181659,5
287658,5
20795,5
55360,5
199018,5
1825,5
112264,5
101299,5
137658,5
173987,5
189762,5
109952,5
321865,5
250630,5
143774,5
99357,5
125796,5
160192,5
354351,5
42706,5
236396,5
167476,5
284317,5
192337,5
96245,5
176814,5
209538,5
94809,5
55377,5
66473,5
197613,5
170214,5
199763,5
229636,5
171968,5
200450,5
157778,5
47902,5
176486,5
148254,5
122066,5
189922,5
291979,5
43535,5
177858,5
174426,5
47541,5
175029,5
199590,5
193260,5
137876,5
120461,5
374116,5
53481,5
147098,5
204629,5
3004,5
120268,5
188615,5
68729,5
86150,5
241350,5
116391,5
165799,5
180656,5
203836,5
163434,5
190762,5
209317,5
173736,5
224361,5
209205,5
70261,5
202937,5
51985,5
183898,5
93557,5
334273,5
161007,5
355978,5
33798,5
200246,5
91039,5
175127,5
125550,5
323798,5
200973,5
191777,5
159008,5
94041,5
177368,5
133503,5
86,5
30529,5
141118,5
104443,5
226525,5
107793,5
298635,5
154430,5
19914,5
37088,5
117363,5
169188,5
122215,5
308945,5
233149,5
2050,5
177526,5
145636,5
202046,5
27444,5
199539,5
157289,5
173851,5
175778,5
182541,5
52870,5
247547,5
199713,5
151504,5
213,5
329426,5
203463,5
138513,5
105138,5
376474,5
190044,5
92968,5
102130,5
274363,5
180303,5
243368,5
122109,5
160703,5
201122,5
31023,5
341643,5
222654,5
57600,5
150154,5
1173,5
410439,5
229826,5
344060,5
59083,5
286675,5
181307,5
196123,5
117222,5
154076,5
162667,5
173944,5
36989,5
74784,5
256362,5
177083,5
176900,5
29762,5
95639,5
106910,5
267912,5
314007,5
207066,5
220585,5
65278,5
286750,5
30916,5
118023,5
166497,5
117833,5
234537,5
183594,5
56841,5
192203,5
146497,5
205950,5
193374,5
183151,5
256211,5
117528,5
322691,5
209057,5
209691,5
325159,5
2228,5
29814,5
177305,5
175622,5
22966,5
443546,5
43479,5
455995,5
122999,5
163215,5
33155,5
243409,5
163595,5
249720,5
77820,5
171807,5
289653,5
197344,5
248406,5
152246,5
220993,5
34722,5
210525,5
215990,5
159449,5
165484,5
282023,5
166371,5
119098,5
112754,5
103474,5
113635,5
168138,5
155509,5
166740,5
107812,5
67433,5
327435,5
148709,5
103759,5
131608,5
25955,5
191177,5
193537,5
140764,5
195258,5
104892,5
238959,5
198145,5
29874,5
242984,5
361280,5
152035,5
392812,5
142766,5
191149,5
198068,5
237868,5
125417,5
105813,5
165937,5
186916,5
32587,5
331395,5
188563,5
103596,5
198759,5
120126,5
162164,5
147110,5
32825,5
186420,5
127728,5
205337,5
173754,5
211678,5
35595,5
87556,5
32185,5
307767,5
240063,5
303867,5
201680,5
145419,5
224559,5
103540,5
244147,5
107218,5
6723,5
172281,5
145166,5
334744,5
214288,5
208302,5
189888,5
161153,5
201908,5
27242,5
48093,5
303942,5
323069,5
210013,5
231638,5
183778,5
42044,5
219591,5
223548,5
195602,5
315640,5
213668,5
147548,5
283969,5
204816,5
184756,5
169496,5
120914,5
171424,5
124771,5
239409,5
165309,5
107164,5
95647,5
211013,5
253759,5
132320,5
171114,5
169785,5
473133,5
88055,5
135296,5
98283,5
117496,5
170850,5
140782,5
119992,5
199118,5
183892,4
201179,4
241126,4
166961,4
48063,4
192053,4
426431,4
191834,4
376416,4
206008,4
455379,4
200574,4
94342,4
330087,4
219137,4
119684,4
33521,4
132749,4
187720,4
214385,4
176240,4
56121,4
229051,4
207120,4
174938,4
202822,4
167882,4
213416,4
296158,4
180342,4
38795,4
158291,4
38434,4
257942,4
199698,4
190023,4
226883,4
180758,4
187715,4
129624,4
282951,4
242552,4
231263,4
209103,4
174592,4
37937,4
268525,4
212864,4
53147,4
174491,4
181265,4
276087,4
365430,4
190482,4
209034,4
34506,4
27385,4
208068,4
211494,4
115422,4
79531,4
138692,4
150553,4
456236,4
190911,4
261059,4
98941,4
199688,4
36440,4
72630,4
157612,4
153536,4
315476,4
165474,4
116508,4
315971,4
216811,4
49092,4
192878,4
114605,4
105044,4
186376,4
342709,4
216481,4
164607,4
87,4
160634,4
37646,4
35032,4
37302,4
173682,4
172175,4
205359,4
51461,4
188291,4
89226,4
216734,4
89991,4
107737,4
169133,4
65535,4
192002,4
169995,4
200819,4
184117,4
467108,4
161508,4
148903,4
204527,4
163237,4
301867,4
127961,4
211154,4
209301,4
214541,4
153489,4
118693,4
328301,4
241153,4
246974,4
366089,4
327902,4
171351,4
230095,4
274528,4
166606,4
222993,4
96798,4
174040,4
152940,4
206861,4
105010,4
146834,4
168782,4
236021,4
196943,4
267859,4
111985,4
177705,4
34996,4
115784,4
198259,4
215895,4
147655,4
161155,4
155066,4
70034,4
260761,4
252392,4
111746,4
188612,4
240629,4
213887,4
48189,4
210926,4
167440,4
140985,4
317360,4
70720,4
148431,4
278557,4
295010,4
104280,4
289430,4
376455,4
228516,4
190511,4
192644,4
216256,4
167835,4
201865,4
238980,4
33087,4
320984,4
148509,4
157541,4
1455,4
3770,4
350387,4
138940,4
180667,4
265201,4
216563,4
304955,4
27802,4
161444,4
210844,4
131699,4
153475,4
266439,4
44793,4
35603,4
204516,4
197200,4
144361,4
226267,4
190997,4
304570,4
216181,4
166181,4
177955,4
127306,4
86745,4
301568,4
111994,4
224238,4
147629,4
208406,4
277347,4
183611,4
198265,4
157617,4
357118,4
377017,4
121313,4
159322,4
181758,4
77634,4
235786,4
163985,4
259425,4
158294,4
171889,4
115971,4
110243,4
87310,4
183810,4
163110,4
99065,4
108023,4
149949,4
33551,4
177271,4
185366,4
171328,4
35309,4
167106,4
251120,4
243165,4
194102,4
305874,4
206066,4
198953,4
153064,4
392668,4
186009,4
97688,4
76625,4
202466,4
274200,4
56482,4
41763,4
66304,4
138069,4
109351,4
138153,4
209101,4
196307,4
213019,4
160910,4
149184,4
179008,4
140092,4
111232,4
261241,4
111377,4
306868,4
161482,4
178037,4
168854,4
209320,4
280966,4
75742,4
244522,4
90409,4
309620,4
228075,4
248919,4
226497,4
127875,4
73585,4
168212,4
181666,4
231348,4
249727,4
60722,4
141058,4
176262,4
106982,4
222756,4
36270,4
328610,4
236731,4
174503,4
107417,4
60949,4
114537,4
191103,4
331861,4
285335,4
161027,4
70754,4
214816,4
176063,4
34918,4
510072,4
203924,4
174655,4
136819,4
129762,4
1816,4
163998,4
312271,4
135020,4
220656,4
417668,4
185283,4
390369,4
178319,4
1424,4
216178,4
212847,4
115289,4
98389,4
186452,4
211049,4
31621,4
207540,4
147280,4
144084,4
444554,4
336951,4
196674,4
183000,4
23892,4
200352,4
63042,4
293091,4
177974,4
203353,4
167474,4
343476,4
199227,4
97136,4
33124,4
238802,4
218956,4
98155,4
325596,4
153484,4
47907,4
48779,4
119272,4
74631,4
233777,4
215616,4
134813,4
54608,4
195000,4
188331,4
222434,4
99270,4
195638,4
160968,4
171150,4
192384,4
4931,4
202652,4
46221,4
158438,4
100375,4
123833,4
165315,4
53373,4
153805,4
280570,4
172046,4
163205,4
219632,4
110013,4
202565,4
254547,4
282461,4
101950,4
291755,4
192936,4
192869,4
356882,4
443508,4
403671,4
258298,4
185127,4
82161,4
42251,4
239130,4
113870,4
163921,4
190385,4
152373,4
30008,4
223934,4
89172,4
119199,4
67317,4
115215,4
173590,4
168553,4
185480,4
44671,4
199303,4
112403,4
127573,4
332379,4
291374,4
270379,4
161691,4
136455,4
653,4
130021,4
33610,4
149726,4
176904,4
240124,4
159549,4
231866,4
159724,4
2936,4
172425,4
151267,4
159869,4
189924,4
137354,4
190297,4
160187,4
128272,4
363418,4
206927,4
114483,4
20534,4
74660,4
221366,4
171242,4
164309,4
74194,4
49893,4
119471,4
168387,4
198103,4
213008,4
127388,4
244803,4
163392,4
203240,4
189404,4
290504,4
261278,4
29591,4
210498,4
26502,4
98466,4
178353,4
188569,4
393673,4
190539,4
199753,4
318822,4
172186,4
61777,4
260696,4
217200,4
362835,4
349986,4
198186,4
185099,4
334105,4
211601,4
95336,4
235853,4
164866,4
202153,4
319280,4
171482,4
149507,4
141876,4
121023,4
33658,4
193090,4
204742,4
26781,4
134566,4
34307,4
368797,4
89040,4
398988,4
40151,4
188644,4
73471,4
190072,4
106698,4
111275,4
125159,4
55363,4
99679,4
292472,4
65390,4
149909,4
42703,4
166634,4
89202,4
99373,4
207172,4
212465,4
277946,4
70100,4
58343,4
190115,4
151888,4
103860,4
263871,4
43711,4
57711,4
118001,4
244408,4
169611,4
223433,4
187693,4
166193,4
179048,4
110028,4
32016,4
112158,4
1138,4
147215,4
190107,4
168524,4
285775,4
108320,4
66935,4
263925,4
170148,4
107458,4
400535,4
190786,4
162238,4
140915,4
245211,4
196342,4
89718,4
196816,4
51961,4
37359,4
174794,4
187746,4
183627,4
137142,4
287031,4
312477,4
33404,4
198493,4
348592,4
138370,4
144071,4
120121,4
140516,4
119986,4
225165,4
312017,4
187164,4
180551,4
355918,4
200117,4
186410,4
166744,4
166416,4
83064,4
189498,4
192900,4
194404,4
84231,4
252079,4
102318,4
27049,4
155433,4
214702,4
139671,4
237713,4
176967,4
181242,4
96129,4
188540,4
197816,4
211239,4
89413,4
219262,4
97212,4
359972,4
155657,4
89625,4
129345,4
20057,4
191161,4
70447,4
88126,4
181363,4
249935,4
85109,4
133061,4
421633,4
205759,4
280093,4
23778,4
230961,4
313729,4
351161,4
153066,4
208117,4
2457,4
254202,4
35576,4
101825,4
132633,4
228686,4
113936,4
178948,4
31339,4
326232,4
215443,4
203076,4
139347,4
163948,4
266467,4
138975,4
277695,4
179666,4
326048,4
112362,4
186845,4
103995,4
50053,4
284329,4
225978,4
137076,4
191765,4
117028,4
118710,4
31577,4
141483,4
24106,4
178100,4
197918,4
58683,4
210464,4
188236,4
128516,4
93449,4
279337,4
247053,4
22463,4
188330,4
175109,4
186539,4
124680,4
312232,4
188278,4
198170,4
129786,4
230246,4
379798,4
117583,4
39615,4
179671,4
45857,4
154863,4
160728,4
388725,4
241951,4
357173,4
145917,4
33895,4
240172,4
221336,4
183735,4
291407,4
122612,4
158948,4
162034,4
220066,4
188767,4
295589,4
235894,4
89813,4
173243,4
234640,4
54953,4
33394,4
1411,4
86837,4
167140,4
164574,4
408229,4
165107,4
131826,4
38353,4
99156,4
119033,4
50442,4
2238,4
188774,4
32372,4
200700,4
212588,4
131239,4
192017,4
406641,4
247043,4
175431,4
85815,4
138022,4
111563,4
269722,4
156848,4
277647,4
156728,4
125279,4
353012,4
43705,4
171393,4
187161,4
35448,4
141003,4
609789,4
172307,4
265434,4
216845,4
30673,4
64875,4
183639,4
215392,4
199419,4
278924,4
177216,4
212888,4
216479,4
150683,4
33304,4
63509,4
103575,4
37997,4
194690,4
195744,4
144928,4
129707,4
316470,4
320510,4
172496,4
188391,4
108542,4
172047,4
114459,4
330571,4
300681,4
214399,4
23940,4
169092,4
179731,4
56248,4
252646,4
244945,4
284166,4
106705,4
53197,4
172618,4
205852,4
187901,4
156015,4
178623,4
35644,4
242619,4
191910,4
202373,4
178341,4
27661,4
353881,4
98524,4
155574,4
113323,4
171156,4
153516,4
176969,4
228372,4
116878,4
204596,4
94413,4
266860,4
258102,4
170562,4
178778,4
201520,4
116372,4
199555,4
356838,4
115323,4
107411,4
34862,4
135289,4
198211,4
325538,4
44216,4
89559,4
91716,4
199378,4
204021,4
70055,4
345705,4
277256,4
204641,4
184078,4
460408,4
277434,4
48121,4
3432,4
172304,4
152629,4
71269,4
61518,4
96862,4
209609,4
185452,4
109762,4
129150,4
4687,4
389725,4
81973,4
208122,4
33794,4
287306,4
192386,4
59496,4
180138,4
167868,4
219122,4
51973,4
416745,4
191807,4
81853,4
199011,4
186303,4
88913,4
176917,4
182556,4
248445,4
117444,4
165235,4
127921,4
138626,4
169112,4
110643,4
32855,4
195576,4
22743,4
133403,4
221480,4
173630,4
94113,4
151369,4
148429,4
121912,4
67716,4
224531,4
156192,4
114765,4
66278,4
217530,4
308205,4
215479,4
191957,4
214238,4
187711,4
111883,4
30269,4
188571,4
45607,4
49469,4
162343,4
250967,4
160785,4
142443,4
163229,4
79190,4
37314,4
52781,4
548361,4
421561,4
161662,4
112507,4
98211,4
196280,4
182313,4
226629,4
162236,4
137304,4
159179,4
156890,4
124953,4
204374,4
143058,4
245361,4
204984,4
220754,4
269168,4
179869,4
178312,4
216889,4
188503,4
110331,4
180686,4
306779,4
7896,4
165278,4
144844,4
135803,4
220237,4
175878,4
200235,4
177596,4
330715,4
413297,4
142675,4
101266,4
97261,4
182655,4
158685,4
323790,4
34845,4
192381,4
93997,4
195520,4
359001,4
364657,4
178322,4
235109,4
176410,4
258883,4
209109,4
120074,4
121055,4
195554,4
115085,4
191754,4
244605,4
204470,4
183801,4
159726,4
342642,4
199495,4
82777,4
105788,4
37618,4
118793,4
77373,4
289982,4
108247,4
155233,4
2472,4
193787,4
343403,4
124993,4
11678,4
162228,4
409902,4
90934,4
397877,4
118212,4
2961,4
248584,4
91666,4
322674,4
129232,4
287008,4
95552,4
235847,4
347623,4
182862,4
151053,4
111450,4
256504,4
142287,4
174907,4
22201,4
101338,4
275421,4
231180,4
178449,4
277700,4
200479,4
34173,4
124187,4
145160,4
220589,4
302406,4
240841,4
283635,4
509364,4
207202,4
265706,4
115963,4
213902,4
170482,4
37232,4
148294,4
289886,4
203408,4
24896,4
169544,4
186909,4
110677,4
41210,4
249039,4
209739,4
67243,4
311311,4
186224,4
29144,4
219199,4
175600,4
254351,4
264351,4
285570,4
301251,4
103432,3
205865,3
67728,3
196529,3
48358,3
184678,3
102684,3
38223,3
28334,3
206681,3
142076,3
98725,3
267706,3
315984,3
103634,3
208630,3
306225,3
150084,3
168223,3
58582,3
116960,3
78022,3
334366,3
146919,3
280167,3
176335,3
351324,3
102945,3
176279,3
170091,3
199005,3
199198,3
240467,3
159472,3
200681,3
28738,3
22154,3
379412,3
181139,3
224059,3
54560,3
240358,3
107658,3
117477,3
260254,3
383493,3
211860,3
55139,3
81232,3
289909,3
182898,3
145284,3
35136,3
193945,3
300812,3
78530,3
112835,3
255847,3
290640,3
157217,3
34848,3
183557,3
56964,3
187983,3
122346,3
185848,3
174325,3
36425,3
168837,3
220531,3
187119,3
331650,3
150570,3
162632,3
304175,3
95855,3
159303,3
169719,3
128876,3
231482,3
170302,3
170924,3
95469,3
167381,3
488720,3
261382,3
186932,3
337505,3
186815,3
327112,3
115411,3
122348,3
148003,3
349151,3
68781,3
191841,3
260617,3
204209,3
345122,3
289991,3
243660,3
232586,3
96854,3
291529,3
157595,3
491000,3
211345,3
454508,3
266645,3
175360,3
285200,3
269318,3
98975,3
197288,3
175883,3
159737,3
116103,3
275236,3
31964,3
169124,3
107125,3
168443,3
553405,3
125421,3
103851,3
182677,3
59313,3
40690,3
85374,3
137300,3
194772,3
166368,3
291968,3
332355,3
116539,3
191118,3
30290,3
168195,3
113080,3
214881,3
209146,3
175509,3
180497,3
208862,3
346478,3
229737,3
72310,3
33310,3
207284,3
143699,3
194668,3
198148,3
419,3
157145,3
237865,3
176118,3
331651,3
287908,3
213002,3
1735,3
149809,3
164938,3
141841,3
139290,3
71009,3
248841,3
232356,3
144995,3
145886,3
37072,3
189027,3
141420,3
129513,3
253060,3
162651,3
99233,3
69132,3
13769,3
34067,3
242670,3
84726,3
203003,3
349230,3
53366,3
88638,3
224658,3
208826,3
158002,3
63503,3
165599,3
173307,3
33795,3
200511,3
144259,3
248010,3
200576,3
136277,3
42485,3
192237,3
173316,3
208872,3
116338,3
210830,3
155913,3
216672,3
321435,3
247379,3
257200,3
181970,3
59948,3
193132,3
195949,3
102569,3
302422,3
360527,3
167380,3
150042,3
106742,3
206599,3
161944,3
204160,3
143392,3
329174,3
39388,3
176673,3
296453,3
174163,3
135840,3
85341,3
115945,3
180418,3
23157,3
213152,3
203067,3
95708,3
116677,3
233059,3
230824,3
306646,3
130532,3
259846,3
198270,3
55390,3
163862,3
170263,3
104772,3
256356,3
117983,3
108496,3
22641,3
289636,3
242482,3
282069,3
137314,3
115358,3
318259,3
24961,3
201328,3
220694,3
196678,3
107306,3
114495,3
168283,3
177121,3
113543,3
270059,3
187795,3
154728,3
116830,3
218558,3
196125,3
165930,3
240137,3
45564,3
33945,3
149220,3
100029,3
213055,3
134181,3
75826,3
99212,3
146042,3
271710,3
46746,3
221324,3
348739,3
333677,3
319733,3
112512,3
320305,3
37672,3
283122,3
147284,3
87867,3
399449,3
397346,3
173542,3
203518,3
183884,3
283945,3
278155,3
111268,3
154568,3
20956,3
362787,3
228960,3
440129,3
92531,3
216851,3
279015,3
363405,3
148015,3
194590,3
59612,3
423024,3
199266,3
150817,3
34310,3
125155,3
200904,3
176069,3
122026,3
205903,3
31606,3
171015,3
52822,3
271795,3
283921,3
216413,3
95329,3
218948,3
199903,3
142282,3
239865,3
98980,3
30509,3
108116,3
198766,3
27305,3
174283,3
97306,3
226735,3
155293,3
313873,3
143436,3
110978,3
138192,3
214731,3
193416,3
398931,3
314310,3
264663,3
263200,3
176831,3
175120,3
57827,3
163826,3
40641,3
50163,3
206297,3
82847,3
131982,3
298449,3
269723,3
158451,3
190020,3
60639,3
218445,3
111387,3
26987,3
42750,3
240988,3
182227,3
182866,3
180859,3
177147,3
289148,3
28367,3
478457,3
288825,3
109089,3
70645,3
138845,3
122246,3
213412,3
41099,3
224198,3
202871,3
102102,3
298130,3
135102,3
189590,3
129177,3
209899,3
105586,3
159269,3
332884,3
124569,3
220187,3
75435,3
207201,3
91711,3
83671,3
169549,3
119751,3
191380,3
114591,3
198286,3
144002,3
343591,3
185039,3
186183,3
104329,3
190964,3
36480,3
135716,3
327164,3
195844,3
105817,3
94156,3
131808,3
188923,3
53042,3
34104,3
316211,3
238342,3
374524,3
193820,3
141511,3
149704,3
98010,3
79324,3
200426,3
155057,3
218678,3
123598,3
101192,3
197054,3
194905,3
264300,3
109832,3
298227,3
237729,3
370990,3
299635,3
126094,3
39606,3
103710,3
151141,3
112494,3
310774,3
177647,3
106179,3
346189,3
193960,3
176079,3
119565,3
84790,3
136413,3
160440,3
194580,3
84278,3
136419,3
110371,3
198587,3
71075,3
100054,3
125905,3
190303,3
215955,3
161532,3
64631,3
76767,3
272669,3
124076,3
192654,3
197093,3
309348,3
260954,3
113597,3
187577,3
236415,3
230704,3
206046,3
209650,3
43348,3
278254,3
73883,3
91608,3
102606,3
175804,3
114994,3
100109,3
133696,3
88215,3
170411,3
163678,3
310152,3
32897,3
106728,3
102976,3
250135,3
156580,3
137898,3
169037,3
193755,3
1648,3
341638,3
79874,3
174413,3
194809,3
215620,3
112761,3
34568,3
175413,3
354104,3
55720,3
112650,3
39236,3
281647,3
130302,3
321709,3
84587,3
245724,3
164170,3
78707,3
137678,3
146091,3
122177,3
200192,3
96635,3
380614,3
78765,3
214695,3
364548,3
203435,3
121966,3
232719,3
132717,3
182470,3
189956,3
225399,3
87891,3
189092,3
113688,3
149368,3
238567,3
187411,3
195508,3
197860,3
190040,3
233533,3
102076,3
259351,3
234807,3
369678,3
151626,3
263081,3
235431,3
89598,3
340899,3
233955,3
284343,3
189461,3
28419,3
115178,3
157932,3
238685,3
218955,3
140117,3
78181,3
296478,3
107762,3
154342,3
54102,3
341368,3
137547,3
193246,3
104089,3
607848,3
198965,3
167415,3
71467,3
165949,3
184543,3
318046,3
168294,3
123147,3
229465,3
106437,3
232618,3
208503,3
175759,3
261943,3
149700,3
133584,3
188972,3
27856,3
279231,3
189219,3
129980,3
205195,3
195096,3
114060,3
234633,3
190330,3
178780,3
166153,3
39212,3
181974,3
192652,3
172579,3
55849,3
124090,3
381965,3
271354,3
184016,3
104423,3
25005,3
302847,3
147707,3
196857,3
105862,3
232308,3
116934,3
181020,3
274158,3
126945,3
37210,3
218415,3
230248,3
27051,3
163287,3
332249,3
102388,3
27776,3
263568,3
119170,3
95864,3
2009,3
188888,3
84737,3
99554,3
89622,3
122116,3
169269,3
146674,3
269300,3
140559,3
187513,3
275338,3
60358,3
119929,3
177828,3
44489,3
175710,3
185554,3
222810,3
22418,3
344415,3
37894,3
311974,3
334593,3
335067,3
85088,3
180195,3
199947,3
182187,3
377798,3
199224,3
26669,3
102938,3
57916,3
133935,3
255503,3
133201,3
180299,3
108670,3
171080,3
42924,3
68684,3
208470,3
226947,3
162160,3
143003,3
186808,3
189530,3
119665,3
180284,3
85566,3
35683,3
105479,3
232914,3
116531,3
506329,3
128487,3
219021,3
43953,3
290688,3
197038,3
161240,3
196126,3
114674,3
259301,3
105598,3
410114,3
335453,3
51100,3
160631,3
152540,3
254211,3
238913,3
116493,3
306678,3
117166,3
30796,3
155983,3
157043,3
39054,3
26248,3
271828,3
33308,3
153312,3
219611,3
56150,3
128065,3
142566,3
367749,3
76978,3
191444,3
329530,3
166461,3
52187,3
21626,3
165881,3
212206,3
119570,3
254293,3
135388,3
283092,3
328239,3
206827,3
294671,3
108699,3
109419,3
128230,3
178417,3
165215,3
105428,3
6360,3
391585,3
317809,3
207513,3
281768,3
188808,3
138077,3
68268,3
181220,3
257126,3
198751,3
189775,3
283499,3
167265,3
336643,3
69345,3
169905,3
128538,3
217802,3
221167,3
140863,3
141326,3
89534,3
310085,3
100999,3
116613,3
152958,3
204501,3
188535,3
223214,3
170861,3
82783,3
213383,3
213296,3
133060,3
52267,3
111415,3
353010,3
99651,3
314153,3
326886,3
153542,3
386773,3
205839,3
177927,3
246862,3
2062,3
104748,3
229773,3
45093,3
146343,3
184169,3
163911,3
194247,3
227832,3
159123,3
177989,3
124052,3
241962,3
256864,3
31848,3
38918,3
68358,3
129298,3
181553,3
2267,3
178478,3
226311,3
91964,3
254230,3
308144,3
190457,3
151159,3
210562,3
154835,3
262656,3
450695,3
213842,3
160062,3
109053,3
209629,3
147719,3
296538,3
192776,3
247507,3
112584,3
144063,3
67065,3
359131,3
290660,3
289405,3
177211,3
208725,3
162424,3
135525,3
25837,3
55191,3
64506,3
124793,3
197836,3
178255,3
112854,3
97030,3
212064,3
111939,3
121362,3
348152,3
131425,3
216411,3
156780,3
594187,3
120939,3
120539,3
127139,3
204205,3
150528,3
62165,3
43221,3
202033,3
88500,3
365465,3
160300,3
305781,3
116789,3
159623,3
137510,3
146767,3
101119,3
144322,3
215251,3
245378,3
56026,3
100009,3
108907,3
185053,3
145175,3
100800,3
268832,3
121253,3
314645,3
190174,3
141944,3
241185,3
169711,3
312500,3
243240,3
208577,3
35945,3
52028,3
108438,3
139180,3
116892,3
163174,3
158993,3
169631,3
194723,3
152909,3
32280,3
321824,3
174864,3
184306,3
146949,3
177437,3
218343,3
142717,3
23037,3
34278,3
101761,3
362654,3
44780,3
31095,3
67083,3
129263,3
259307,3
123306,3
285897,3
95989,3
176244,3
32276,3
195808,3
181388,3
196456,3
131650,3
452402,3
200408,3
163708,3
210867,3
330132,3
209808,3
91251,3
198223,3
51089,3
75673,3
240698,3
347292,3
251521,3
115815,3
86872,3
311184,3
208640,3
124420,3
226535,3
265295,3
195447,3
132304,3
261207,3
172855,3
32406,3
149784,3
207537,3
75755,3
230054,3
56483,3
274657,3
60981,3
141186,3
173704,3
160155,3
166210,3
172246,3
332194,3
265148,3
83601,3
133876,3
185216,3
153790,3
199739,3
119704,3
152189,3
212760,3
182108,3
86808,3
188903,3
65382,3
196504,3
35330,3
155151,3
104614,3
30759,3
98989,3
309778,3
51744,3
130959,3
283037,3
192236,3
313986,3
145041,3
137814,3
251396,3
180271,3
218249,3
360884,3
175537,3
177119,3
83893,3
331482,3
41310,3
178811,3
38950,3
152148,3
201743,3
117476,3
334267,3
285294,3
288419,3
95465,3
149224,3
186849,3
391349,3
131584,3
223342,3
56582,3
26716,3
324960,3
188861,3
213258,3
36601,3
155594,3
187308,3
116143,3
149912,3
92262,3
183081,3
253354,3
158420,3
46385,3
102953,3
43206,3
296466,3
252168,3
247558,3
165953,3
74501,3
152461,3
196508,3
180211,3
138179,3
113466,3
325658,3
211440,3
280169,3
4356,3
248059,3
309932,3
112139,3
53245,3
246965,3
250821,3
303588,3
279914,3
214303,3
33300,3
292465,3
204461,3
125120,3
137733,3
163265,3
147393,3
243678,3
283174,3
199426,3
164922,3
141583,3
270889,3
212041,3
199995,3
261929,3
302604,3
163204,3
169435,3
227466,3
96321,3
71592,3
72393,3
334693,3
50748,3
51664,3
169426,3
268145,3
219619,3
267661,3
176360,3
43959,3
24395,3
115488,3
103980,3
130007,3
162381,3
41281,3
243569,3
191982,3
148207,3
62374,3
87282,3
48915,3
192257,3
207853,3
290763,3
88926,3
225330,3
319831,3
174386,3
184779,3
202498,3
197932,3
78261,3
126501,3
97005,3
104917,3
315287,3
257124,3
212027,3
128715,3
177543,3
342768,3
65225,3
210029,3
275110,3
34007,3
212895,3
220696,3
83413,3
49298,3
93213,3
27207,3
179715,3
163053,3
35429,3
150861,3
76878,3
248694,3
341797,3
270147,3
123157,3
101017,3
189674,3
203849,3
42596,3
190325,3
187981,3
175642,3
48014,3
169628,3
179533,3
214627,3
195148,3
66118,3
170092,3
340880,3
103344,3
60267,3
412379,3
24790,3
174662,3
109567,3
34292,3
211654,3
153546,3
164707,3
197919,3
135643,3
318351,3
312446,3
308764,3
191712,3
146391,3
107410,3
318647,3
233779,3
35406,3
157639,3
405284,3
306908,3
242080,3
113544,3
144608,3
125762,3
209483,3
261725,3
219967,3
225860,3
162298,3
263338,3
202920,3
349368,3
64112,3
160398,3
140108,3
193855,3
182163,3
164593,3
166863,3
147253,3
295591,3
148581,3
167787,3
164775,3
101722,3
96459,3
90915,3
193689,3
292120,3
222504,3
171095,3
207940,3
105021,3
431745,3
66356,3
309513,3
216924,3
299831,3
75167,3
178841,3
192321,3
189623,3
278403,3
68330,3
166789,3
108196,3
31141,3
162327,3
304602,3
127678,3
31532,3
123586,3
138944,3
268292,3
166809,3
557349,3
33678,3
188300,3
212448,3
173806,3
174964,3
113464,3
160625,3
123490,3
185027,3
136309,3
39803,3
289442,3
252327,3
163047,3
186634,3
259087,3
143069,3
411950,3
177896,3
210313,3
328199,3
121471,3
377622,3
217826,3
324655,3
283602,3
158924,3
187919,3
111625,3
200783,3
214896,3
119421,3
186819,3
283268,3
117683,3
60783,3
189528,3
214413,3
137591,3
176949,3
163671,3
226891,3
85423,3
92,3
287037,3
29235,3
77009,3
240900,3
169469,3
125831,3
206139,3
139057,3
177125,3
105312,3
138938,3
403489,3
192793,3
62932,3
142182,3
247445,3
175586,3
343068,3
106297,3
185336,3
147397,3
215047,3
211391,3
314649,3
347890,3
80914,3
245628,3
205339,3
67339,3
37546,3
210165,3
169672,3
79036,3
202091,3
438427,3
133299,3
113106,3
196001,3
20469,3
125856,3
228057,3
200207,3
307468,3
165468,3
183319,3
220019,3
139889,3
183173,3
280292,3
36011,3
208785,3
321851,3
29254,3
58124,3
223763,3
287737,3
177087,3
59460,3
174295,3
66634,3
89154,3
175083,3
302149,3
175696,3
97277,3
168038,3
192812,3
77143,3
183168,3
183710,3
62865,3
181291,3
105592,3
143331,3
25265,3
178835,3
206199,3
288229,3
109667,3
475322,3
83704,3
114032,3
257621,3
203233,3
303155,3
99064,3
340543,3
171589,3
187370,3
55237,3
186269,3
173981,3
101352,3
35166,3
320294,3
41721,3
204752,3
133336,3
132529,3
197905,3
54190,3
339814,3
237903,3
51662,3
206520,3
265807,3
93206,3
353696,3
75073,3
30912,3
158592,3
210275,3
163322,3
115851,3
132125,3
162494,3
204567,3
337778,3
287229,3
101265,3
105363,3
174752,3
138107,3
376393,3
151790,3
174373,3
33355,3
63910,3
104973,3
26892,3
102583,3
200593,3
193565,3
190514,3
144056,3
153021,3
157028,3
96660,3
103886,3
127185,3
257910,3
240979,3
198668,3
379883,3
119359,3
184271,3
115040,3
100079,3
91670,3
403788,3
82521,3
52849,3
335997,3
104830,3
233369,3
383384,3
129172,3
29933,3
203635,3
212954,3
158603,3
90752,3
37939,3
30219,3
30731,3
140752,3
282398,3
140011,3
297906,3
170017,3
188738,3
118500,3
286026,3
181015,3
225053,3
191856,3
138892,3
132661,3
369781,3
311350,3
225507,3
222020,3
52596,3
52498,3
177277,3
83311,3
205844,3
141858,3
247082,3
299197,3
255822,3
314375,3
149650,3
164243,3
40021,3
172364,3
215014,3
209460,3
220821,3
162954,3
102268,3
33983,3
342458,3
171355,3
227282,3
109414,3
185267,3
110142,3
27539,3
124685,3
112840,3
167005,3
255476,3
301199,3
190227,3
193042,3
264874,3
243743,3
173611,3
224462,3
99894,3
176162,3
65738,3
157887,3
169926,3
38251,3
200190,3
182689,3
242464,3
231413,3
188171,3
83066,3
132716,3
177787,3
87239,3
196554,3
181652,3
55176,3
21698,3
28996,3
256908,3
118889,3
374983,3
416103,3
92215,3
168479,3
199816,3
343579,3
1944,3
137578,3
282579,3
151474,3
333305,3
31935,3
129764,3
203784,3
311446,3
139126,3
402089,3
24185,3
111058,3
493034,3
97933,3
184846,3
154422,3
31659,3
360743,3
204935,3
191954,3
134152,3
220460,3
201799,3
150361,3
185394,3
100931,3
192283,3
36069,3
203505,3
203027,3
325374,3
178686,3
157749,3
209993,3
129460,3
90582,3
28119,3
195516,3
37170,3
76845,3
195770,3
159715,3
175069,3
148315,3
218676,3
346341,3
170066,3
22211,3
73023,3
169982,3
109621,3
185670,3
144594,3
178551,3
206862,3
98418,3
29075,3
152889,3
186648,3
163189,3
181755,3
238188,3
173613,3
344275,3
318982,3
231196,3
116968,3
90705,3
282604,3
138634,3
377401,3
201112,3
193995,3
159888,3
67187,3
248612,3
146015,3
298225,3
229272,3
95423,3
355320,3
391114,3
334032,3
156493,3
203717,3
110820,3
69867,3
264936,3
194698,3
158746,3
70985,3
147951,3
154874,3
116138,3
329425,3
185145,3
409815,3
193188,3
250647,3
181814,3
336007,3
129240,3
169186,3
447488,3
338033,3
32921,3
23780,3
34248,3
185859,3
115705,3
91949,3
374764,3
231491,3
200453,3
180532,3
118058,3
182217,3
45363,3
185621,3
377018,3
178109,3
207841,3
182907,3
94081,3
320811,3
283676,3
191803,3
199934,3
160893,3
182302,3
359155,3
166386,3
184553,3
113440,3
180010,3
199172,3
169002,3
230959,3
91506,3
262153,3
183013,3
174704,3
222490,3
185832,3
134120,3
143030,3
49249,3
178530,3
46366,3
197558,3
274451,3
138917,3
242912,3
176862,3
170456,3
357596,3
204322,3
189878,3
200515,3
315065,3
138358,3
29312,3
113481,3
182752,3
134130,3
149531,3
114366,3
216068,3
225065,3
239663,3
449101,3
197731,3
120243,3
181132,3
67671,3
206512,3
114797,3
196643,3
167065,3
373432,3
172991,3
184806,3
160916,3
112358,3
230919,3
257849,3
339772,3
170846,3
167501,3
110748,3
99309,3
61778,3
39630,3
95763,3
123397,3
34161,3
77927,3
197399,3
104164,3
195253,3
35890,3
448026,3
203628,3
300687,3
26145,3
47343,3
77698,3
227886,3
136721,3
126568,3
102942,3
303187,3
99316,3
219266,3
45156,3
76131,3
273771,3
179557,3
52386,3
275943,3
170871,3
119904,3
184833,3
210673,3
112181,3
102085,3
96099,3
117728,3
350498,3
102346,3
104455,3
207937,3
117299,3
211424,3
201579,3
67001,3
330144,3
194608,3
238415,3
420054,3
108765,3
92863,3
75785,3
149624,3
191188,3
31350,3
162108,3
176729,3
342730,3
191503,3
147340,3
169589,3
155963,3
251603,3
126954,3
82552,3
119721,3
154537,3
54595,3
49593,3
266070,3
118993,3
80145,3
271767,3
93930,3
165017,3
256240,3
32365,3
69847,3
378546,3
148316,3
206947,3
255575,3
183580,3
245487,3
37274,3
327886,3
314525,3
147654,3
258037,3
168997,3
2993,3
77313,3
31137,3
320744,3
195727,3
128143,3
24529,3
70209,3
141029,3
267989,3
161819,3
216214,3
95654,3
49156,3
214689,3
382368,3
222978,3
170287,3
49398,3
191088,3
177154,3
276559,3
403107,3
166459,3
379522,3
121287,3
266529,3
44064,3
108540,3
318644,3
187589,3
192982,3
108658,3
209432,3
202203,3
130849,3
158352,3
167031,3
158734,3
67240,3
380922,3
224886,3
343242,3
282753,3
225775,3
32000,3
184710,3
199191,3
317434,3
200295,3
248754,3
28497,3
194848,3
350759,3
26842,3
113211,3
60001,3
139127,3
193568,3
30682,3
91857,3
338836,3
225515,3
203715,3
292570,3
251585,3
36228,3
242150,3
139907,3
121040,3
99203,3
195767,3
159911,3
33725,3
456618,3
137063,3
99385,3
119164,3
99829,3
190772,3
102628,3
241752,3
218188,3
172256,3
170769,3
203914,3
160662,3
210438,3
102615,3
187969,3
168794,3
107452,3
101684,3
431245,3
103406,3
176634,3
427474,3
231793,3
256866,3
348430,3
233312,3
38772,3
175931,3
82497,3
193116,3
175017,3
118358,3
326104,3
36489,3
373403,3
206541,3
116641,3
176998,3
26698,3
278632,3
32533,3
187870,3
202214,3
171234,3
143437,3
504725,3
162623,3
355728,3
91733,3
198196,3
22422,3
260938,3
182863,3
389856,3
41493,3
162003,3
176520,3
33863,3
305319,3
128796,3
51264,3
212600,3
212856,3
240628,3
289448,3
25429,3
288353,3
180695,3
221947,3
205424,3
91262,3
208613,3
353263,3
132565,3
147921,3
227310,3
172714,3
187346,3
202662,3
258406,3
340885,3
180609,3
165532,3
242391,3
367533,3
391016,3
33105,3
118376,3
256466,3
271521,3
185459,3
214838,3
91,3
213385,3
267945,3
155972,3
192022,3
167651,3
446358,3
74883,3
305379,3
114639,3
243580,3
57512,3
54159,3
219902,3
199143,3
217926,3
77572,3
287927,3
240612,3
176452,3
172927,3
190483,3
196328,3
358886,3
23438,3
203894,3
66686,3
206253,3
143368,3
335015,3
85572,3
241607,3
48976,3
45937,3
254291,3
203039,3
146574,3
150755,3
243178,3
102597,3
165827,3
454915,3
308498,3
110327,3
118230,3
73715,3
70377,3
287480,3
327120,3
213179,3
116927,3
157403,3
262819,3
50103,3
181557,3
203051,3
173854,3
211517,3
230767,3
146378,3
120837,3
221757,3
196963,3
255364,3
28035,3
140664,3
230478,3
426263,3
117802,3
218164,3
156526,3
209213,3
117312,3
297884,3
236242,3
217962,3
170376,3
201080,3
93235,3
123253,3
315877,3
206351,3
183612,3
146161,3
34973,3
111891,3
227856,3
124751,3
52738,3
127895,3
201410,3
82797,3
50567,3
298215,3
263300,3
118792,3
29054,3
111900,3
140027,3
217054,3
111252,3
235442,3
164733,3
79303,3
29145,3
161599,3
37070,3
107373,3
293196,3
289403,3
236601,3
154236,3
191858,3
247750,3
225724,3
247880,3
206721,3
242804,3
211798,3
168894,3
186014,3
31670,3
213321,3
141388,3
121319,3
173968,3
284086,3
82566,3
190591,3
193898,3
191429,3
234976,3
207677,3
191878,3
117747,3
103408,3
345969,3
102178,3
106935,3
242521,3
146477,3
381789,3
54318,3
393376,3
239577,3
84154,3
264052,3
144169,3
324637,3
349365,3
87584,3
215115,3
50276,3
191776,3
221661,3
192565,3
224799,3
123053,3
96249,3
270043,3
76417,3
199336,3
215503,3
184975,3
167691,3
190273,3
201954,3
180871,3
81413,3
205939,3
262617,3
200618,3
185129,3
187089,3
104097,3
37783,3
190391,3
190885,3
99127,3
249046,3
318280,3
54472,3
64632,3
173005,3
209934,3
211129,3
184303,3
234096,3
38707,3
299047,3
219553,3
107236,3
50341,3
362883,3
176123,3
328581,3
114292,3
181776,3
258498,3
160362,3
103986,3
173804,3
192712,3
225544,3
224207,3
133144,3
187098,3
105460,3
53497,3
157786,3
251091,3
201490,3
165346,3
50459,3
65372,3
209280,3
145178,3
198478,3
1844,3
110713,3
167428,3
64874,3
369522,3
197114,3
254285,3
233923,3
33068,3
452640,3
133454,3
318331,3
26543,3
121468,3
269786,3
232036,3
118853,3
146268,3
396099,3
255191,3
177304,3
336513,3
140363,3
236379,3
46537,3
43909,3
206878,3
111129,3
343789,3
34987,3
389713,3
90363,3
83827,3
344073,3
148738,3
290290,3
67874,3
59840,3
333838,3
66687,3
178282,3
46492,3
302679,3
1429,3
190160,3
1510,3
321456,3
229259,3
162370,3
307267,3
28171,3
52131,3
304001,3
163687,3
173651,3
93977,3
235567,3
337953,3
158363,3
162041,3
164970,3
110861,3
114939,3
185870,3
132145,3
264554,3
201062,3
358355,3
201697,3
154174,3
211208,3
360689,3
206707,3
87546,3
190910,3
305423,3
72055,3
108706,3
323985,3
122194,3
182189,3
77792,3
161245,3
250423,3
183668,3
159109,3
107142,3
149902,3
118544,3
123807,3
26252,3
121321,3
97295,3
309990,3
358382,3
165867,3
197033,3
348059,3
228724,3
479296,3
308241,3
237546,3
328734,3
125791,3
114222,3
284629,3
137991,3
165539,3
33474,3
304605,3
415755,3
220896,3
143078,3
144752,3
277203,3
203181,3
111385,3
201159,3
164519,3
177063,3
25806,3
